{
	"pages": [ //pages数组中第一项表示应用启动页，参考：https://uniapp.dcloud.io/collocation/pages
		{
			"path": "pages/index/index",
			"style": {
				"navigationBarTitleText": "宝妈 在线"
			}
		}, {
			"path": "pages/Login/Index",
			"navigationBarTitleText": "首页"

		}, {
			"path": "pages/message/Index",
			"navigationBarTitleText": "消息"

		}, {
			"path": "pages/my/Index",
			"navigationBarTitleText": "我的"

		}, {
			"path": "pages/GoodShop/Index",
			"navigationBarTitleText": "商城"

		}, {
			"path": "pages/Login/Register",
			"navigationBarTitleText": "注册页面"

		}, {
			"path": "pages/MumVideo/Index",
			"navigationBarTitleText": "视频"

		}, {
			"path": "pages/MumFind/Index",
			"navigationBarTitleText": "发现"

		}


	],
	"globalStyle": {
		"navigationBarTextStyle": "black",
		"navigationBarTitleText": "宝妈在线",
		"navigationBarBackgroundColor": "#F8F8F8",
		"backgroundColor": "#F8F8F8"
	},
	"tabBar": {
		"color": "#cdcdcd",
		"selectedColor": "#39cffc",
		"borderStyle": "black",
		"backgroundColor": "#ffffff",
		"list": [{
				"pagePath": "pages/index/index",
				"iconPath": "static/icon/index.png",
				"selectedIconPath": "static/icon/index.png",
				"text": "首页"
			}, {
				"pagePath": "pages/MumVideo/Index",
				"iconPath": "static/icon/video.png",
				"selectedIconPath": "static/icon/video.png",
				"text": "视频"
			}, {
				"pagePath": "pages/MumFind/Index",
				"iconPath": "static/icon/faxian.png",
				"selectedIconPath": "static/icon/faxian.png",
				"text": "发现"
			},

			{
				"pagePath": "pages/GoodShop/Index",
				"iconPath": "static/icon/goodShop.png",
				"selectedIconPath": "static/icon/goodShop.png",
				"text": "商城"
			}, {
				"pagePath": "pages/my/Index",
				"iconPath": "static/icon/my.png",
				"selectedIconPath": "static/icon/my.png",
				"text": "我的"
			}
		]
	}


}
